programa,no_clase,No. de alumnos
Maestría en Comunicaciones de Marca,11554,22
Maestría en Comunicaciones de Marca,10921,
Maestría en Comunicaciones de Marca,11556,20
Maestría en Comunicaciones de Marca,11556,
Especialidad en Relaciones Públicas y Reputación de Marca,11548,6
Especialidad en Relaciones Públicas y Reputación de Marca,11548,
Maestría en Comunicaciones de Marca,11563,13
Maestría en Comunicaciones de Marca,11563,
Maestría en Comunicaciones de Marca ,10923,13
Maestría en Comunicaciones de Marca,10923,
Maestría en Comunicaciones de Marca,10925,3
Maestría en Comunicaciones de Marca,10925,
Maestría en Comunicaciones de Marca,11557,6
Maestría en Comunicaciones de Marca,11557,
Especialidad en Relaciones Públicas y Reputación de Marca,11757,14
Especialidad en Relaciones Públicas y Reputación de Marca,11757,
Maestría en Comunicación Institucional ,9934,5
Maestría en Comunicación Institucional,9934,
Maestría en Comunicación Institucional ,1118,2
Maestría en Comunicación Institucional,1118,
Maestría en Comunicación Institucional ,1116,3
Maestría en Comunicación Institucional,1116,
Maestría en Comunicación Institucional,1119,5
Maestría en Comunicación Institucional,1119,
Maestría en Comunicación Institucional,1120,5
Maestría en Comunicación Institucional,1120,
Maestría en Comunicación Institucional ,1164,8
Maestría en Comunicación Institucional ,1164,
Maestría en Comunicación Institucional,1166,8
Maestría en Comunicación Institucional,1166,
Maestría en Comunicación Institucional,1167,8
Maestría en Comunicación Institucional,1167,
Maestría en Comunicación Institucional,1163,8
Maestría en Comunicación Institucional,1163,
Maestría en Comunicación Institucional,1165,8
Maestría en Comunicación Institucional,1165,
Maestría en Comunicación Política y Pública ,1103,5
Maestría en Comunicación Política y Pública,1103,
Maestría en Comunicación Política y Pública,1104,5
Maestría en Comunicación Política y Pública,1104,
Maestría en Comunicación Política y Pública,1105,5
Maestría en Comunicación Política y Pública,1105,
Maestría en Comunicación Política y Pública ,1171,10
Maestría en Comunicación Política y Pública ,1171,
Maestría en Comunicación Política y Pública,1172,10
Maestría en Comunicación Política y Pública,1172,
Maestría en Comunicación Política y Pública,1173,10
Maestría en Comunicación Política y Pública,1173,
Maestría en Comunicación Política y Pública,1175,10
Maestría en Comunicación Política y Pública,1175,
Maestría en Comunicación Política y Pública,1174,10
Maestría en Comunicación Política y Pública,1174,
Maestría en Narrativa y Producción Audiovisual ,1096,5
Maestría en Narrativa y Producción Audiovisual,1096,
Maestría en Narrativa y Producción Audiovisual,1097,5
Maestría en Narrativa y Producción Audiovisual,1097,
Maestría en Narrativa y Producción Audiovisual,1098,5
Maestría en Narrativa y Producción Audiovisual,1098,
Maestría en Narrativa y Producción Audiovisual ,1157,4
Maestría en Narrativa y Producción Audiovisual,1157,
Maestría en Narrativa y Producción Audiovisual,1158,4
Maestría en Narrativa y Producción Audiovisual,1158,
Maestría en Narrativa y Producción Audiovisual,1160,4
Maestría en Narrativa y Producción Audiovisual,1160,
Maestría en Narrativa y Producción Audiovisual,1159,4
Maestría en Narrativa y Producción Audiovisual,1159,
Maestría en Narrativa y Producción Audiovisual,11899,4
Maestría en Narrativa y Producción Audiovisual,11899,