salon,isla,sede
A 02,Aula Magna / Comedor Invitados,Mixcoac
AULA MAGNA,Aula Magna / Comedor Invitados,Mixcoac
BUSNS_LAB,Explanada de Biblioteca,Mixcoac
C 04,Campana,Mixcoac
C 05,Campana,Mixcoac
C 07,Campana,Mixcoac
CDC_B,Explanada de Biblioteca,Mixcoac
CDC_C,Explanada de Biblioteca,Mixcoac
CDC_E,Explanada de Biblioteca,Mixcoac
D 05,Donatello,Mixcoac
D 09,Donatello,Mixcoac
D 10,Donatello,Mixcoac
D 11,Donatello,Mixcoac
JEREZ 01,Jerez / Zona Cielito,Mixcoac
JEREZ 02,Jerez / Zona Cielito,Mixcoac
JEREZ 03,Jerez / Zona Cielito,Mixcoac
JEREZ 04,Jerez / Zona Cielito,Mixcoac
JEREZ 05,Jerez / Zona Cielito,Mixcoac
NR 01,Explanada de Biblioteca,Mixcoac
NR 02,Explanada de Biblioteca,Mixcoac
NR 03,Explanada de Biblioteca,Mixcoac
NR 04,Explanada de Biblioteca,Mixcoac
NR 05,Explanada de Biblioteca,Mixcoac
NR 06,Explanada de Biblioteca,Mixcoac
NR 07,Explanada de Biblioteca,Mixcoac
NR 08,Explanada de Biblioteca,Mixcoac
NR 09,Explanada de Biblioteca,Mixcoac
P 03,Periquillo,Mixcoac
R 01,Aula Magna / Comedor Invitados,Mixcoac
R 02,Aula Magna / Comedor Invitados,Mixcoac
R 03,Aula Magna / Comedor Invitados,Mixcoac
R 04,Aula Magna / Comedor Invitados,Mixcoac
R 05,Aula Magna / Comedor Invitados,Mixcoac
R 06,Aula Magna / Comedor Invitados,Mixcoac
R 07,Aula Magna / Comedor Invitados,Mixcoac
R 08,Aula Magna / Comedor Invitados,Mixcoac
R 09,Aula Magna / Comedor Invitados,Mixcoac
R 10,Aula Magna / Comedor Invitados,Mixcoac
R 11,Aula Magna / Comedor Invitados,Mixcoac
R 12,Aula Magna / Comedor Invitados,Mixcoac
R 13,Aula Magna / Comedor Invitados,Mixcoac
R 14,Aula Magna / Comedor Invitados,Mixcoac
R 15,Aula Magna / Comedor Invitados,Mixcoac
R 16,Aula Magna / Comedor Invitados,Mixcoac
R 17,Aula Magna / Comedor Invitados,Mixcoac
R 18,Aula Magna / Comedor Invitados,Mixcoac
R 19,Aula Magna / Comedor Invitados,Mixcoac
R 20,Aula Magna / Comedor Invitados,Mixcoac
R 21,Aula Magna / Comedor Invitados,Mixcoac
R 27,Explanada de Biblioteca,Mixcoac
R 28,Explanada de Biblioteca,Mixcoac
R 29,Explanada de Biblioteca,Mixcoac
R 30,Explanada de Biblioteca,Mixcoac
R 31,Explanada de Biblioteca,Mixcoac
R 32,Explanada de Biblioteca,Mixcoac
R 33,Explanada de Biblioteca,Mixcoac
R 34,Explanada de Biblioteca,Mixcoac
R 35,Explanada de Biblioteca,Mixcoac
R 36,Explanada de Biblioteca,Mixcoac
R 37,Explanada de Biblioteca,Mixcoac
R 38,Explanada de Biblioteca,Mixcoac
R 39,Explanada de Biblioteca,Mixcoac
R 40,Explanada de Biblioteca,Mixcoac
R 41,Explanada de Biblioteca,Mixcoac
R 42,Explanada de Biblioteca,Mixcoac
R 43,Explanada de Biblioteca,Mixcoac
R 44,Explanada de Biblioteca,Mixcoac
R 45,Explanada de Biblioteca,Mixcoac
R 46,Explanada de Biblioteca,Mixcoac
R 47,Explanada de Biblioteca,Mixcoac
V_LAB_ADIG,Jerez / Zona Cielito,Mixcoac
V_LAB_COM1,Jerez / Zona Cielito,Mixcoac
V_LAB_COM2,Jerez / Zona Cielito,Mixcoac
SF_6-1,Santa Fe,Santa Fe
SF_6-2,Santa Fe,Santa Fe
SF_6-3,Santa Fe,Santa Fe
SF_6-4,Santa Fe,Santa Fe
SF_6-5,Santa Fe,Santa Fe
SF_6-6,Santa Fe,Santa Fe
SALA_JUNT_ING,Jerez / Zona Cielito,Mixcoac